{"Overall Test Acc": 0.9586901022668476, "Mean IoU": 0.762101868716701, "_timestamp": 1719229515.3459833, "_runtime": 283.80116415023804, "_step": 0, "_wandb": {"runtime": 282}}