{"Overall Test Acc": 0.9586899539601322, "Mean IoU": 0.7621009257661826, "_timestamp": 1719230814.9000983, "_runtime": 707.171213388443, "_step": 0, "_wandb": {"runtime": 706}}